id,date,type,title,url,keyword_context,full_length,relevant
45388652,2025-09-26T16:59:09Z,comment,,," the approximate part an app-space thing e.g. storing binary vectors alongside the real ones? In addition, if things are brute forced, wouldn’t a columnar db perform better than a row-based one? E.G. DuckDB?",344,1
45635502,2025-10-19T16:28:55Z,comment,,,"Yes, you can use INSTALL iceberg; to start working with iceberg <a href=""https://duckdb.org/docs/stable/core_extensions/iceberg/overview"" rel=""nofollow"">https://duckdb.org/docs/stable/core_extensions/iceberg/overv...</a>",220,1
46499705,2026-01-05T15:15:04Z,comment,,,"se. Thank you for this. Edit: Ah, right, the downside is that this is not going to have good olap query performance when interacting directly with the sqlite tables. So still necessary to copy out to duckdb tables (probably in batches) if this matters. Still seems very useful to me though.",317,1
45227317,2025-09-12T22:08:03Z,comment,,,"ector is still _just for Postgres_. It’s nice that it’s an extension, but in the same way Milvus has to reinvent the database, pgvector needs to reinvent the vector engine. I can’t load pgvector into DuckDB as an extension. Is there any effort to make a pure, Unix-style, batteries not included, “vector engine?” A library with best-in-class index building, retrieval, storage… that can be glued into a Pos",1390,1
46675158,2026-01-19T04:48:41Z,comment,,,"now we typically read from CSV or Excel, because that's what the scientists prefer to work with. For better or worse. There's a bit of parquet kicking around. The wrappers around handling imports for DuckDB are very, very thin. It handles just about everything seamlessly Is this the extension that was too slow? <a href=""https://duckdb.org/community_extensions/extensions/hdf5"" rel=""nofollow"">https://duck",748,1
49438317,2026-08-25T18:20:03Z,comment,,,"LatticeDB looks good, just curious how useful is duckpgq <a href=""https://duckdb.org/community_extensions/extensions/duckpgq"" rel=""nofollow"">https://duckdb.org/community_extensions/extensions/duckpgq</a>",203,0
48649888,2026-06-23T19:13:25Z,comment,,,"> DuckDB wouldn't really know what to do with a Sure it would, you can attach a multi-table sqlite database in duckdb > that does not mean just because it came first I agree with most of your points, I am not",547,1
45804784,2025-11-03T21:40:28Z,comment,,,"great mobile experience so pregnant women and new parents feel they have a support team in their pocket Tools we use: - GCP, Kotlin, Typescript, React, React Native, Terraform, Spanner DB, Big Query, DuckDB, Dagster, DBT, K8s Personally, I've never had so much fun and learned so much at work. This team is phenomenal, so I recommend applying if you're looking to learn a lot and make a big impact in an im",1247,0
46272784,2025-12-15T10:47:35Z,story,"Lazy GeoParquet Reading in SedonaDB, DuckDB, GeoPandas, and GDAL",https://dewey.dunnington.ca/post/2025/lazy-geoparquet-reading-in-sedonadb-duckdb-geopandas-and-gdal/,,0,1
45819553,2025-11-05T05:32:36Z,comment,,,"There is a largish category of tools now where, unlike in OLTP systems, a big focus is scanning data but quickly (O(n) but with a good constant): Redshift, Trino/Athena, ClickHouse, DuckDB among others. Bloom filter indexing seems like a great fit if you ever need to do substring searches in a context like that, and for log searching in general. I haven't dug into what all packages hav",603,0
45599535,2025-10-15T23:21:46Z,story,Show HN: Trade simulation engine with realistic bid/ask fills,https://parsepect.com/auth/login?next=%2F,"d something that handled 5-second (the lowest interval data I have access to) and bid/ask fill behavior better. So I ended up building my own prediction and simulation stack - Python, Pandas, SQLite, DuckDB, Torch, etc. The simulated fills line up closely with empirical results from actual trades (the sim is deliberately a bit pessimistic), so I'm feeling confident in its accuracy so far. The live trade",869,0
46373489,2025-12-24T08:05:01Z,story,Querying 160 GB of Parquet Files with DuckDB in 15 Minutes,https://datamethods.substack.com/p/querying-160-gb-of-parquet-files,,0,1
45252275,2025-09-15T17:08:39Z,comment,,,"For Vector Search the top 2 are: Meta’s FAISS and (my) Unum’s USearch. Lucene powers Elastic, Solr, MongoDB Atlas, AWS OpenSearch, Azure Cognitive Search. USearch powers ClickHouse, DuckDB, YugaByte, TiDB, ScyllaDB, MemGraph, KuzuDB, Lantern, and a few big closed source names that don’t mention it, as far as I know. FAISS has the highest usage among Python developers, but if you are in",446,0
49070830,2026-07-27T15:12:33Z,story,A DuckDB Release Isn't a Distribution,https://rusty.today/blog/duckdb-extension-distribution-gap/,,0,1
45774571,2025-10-31T17:37:15Z,story,Use DuckDB-WASM to query TB of data in browser,https://lil.law.harvard.edu/blog/2025/10/24/rethinking-data-discovery-for-libraries-and-digital-humanities/,,0,1
46500539,2026-01-05T16:13:46Z,comment,,,"<a href=""https://duckdb.org/docs/stable/core_extensions/vss"" rel=""nofollow"">https://duckdb.org/docs/stable/core_extensions/vss</a> It's not bad if you need something quick. I haven't had a large need of ANN in duckdb since ",310,1
47415361,2026-03-17T17:01:45Z,comment,,,"ied needed PostgreSQL, ClickHouse, Redis, or some combination. For a handful of sites, that's a lot of moving parts to babysit. HitKeep is a single static Go binary (~80 MB) that embeds everything: - DuckDB for columnar OLAP storage — the entire database is one file, ~120 MB per million hits - NSQ as an in-process message broker — the HTTP handler enqueues a hit in microseconds, a background consumer ba",2235,1
48854881,2026-07-10T02:02:56Z,comment,,,"ively abandoned due to being acquired by Databricks, but still up at <a href=""https://github.com/Mooncake-Labs/pg_mooncake"" rel=""nofollow"">https://github.com/Mooncake-Labs/pg_mooncake</a>) pulled the DuckDB engine into Postgres wholesale, if I remember right. pg_lake also uses DuckDB but keeps it external, routing through Postgres and managing Iceberg tables (but not the data itself) there (<a href=""htt",604,1
47270493,2026-03-06T03:28:26Z,story,Play the New York Times Connections Puzzle with DuckDB,https://github.com/tomjakubowski/connections.duckdb,,0,1
45336784,2025-09-22T17:33:40Z,comment,,,"While I really like DuckDB, I wouldn't use it for OLTP workloads. I'm curious, when do you want to treat your Postgres like SQLite? :-) That's basically the opposite of what I was thinking of in the article.",207,1
45635507,2025-10-19T16:29:34Z,comment,,,"Here's some quick issues and suggestions I found after about 5 minutes of playing around with it. All test were done using Firefox FYI. 1. One of my favorite features from the built in DuckDB UI is the panel that automatically generates graphs for each column, both for the whole dataset itself and for the specific query you're running. I often find myself not even writing any queries beca",2221,1
49449316,2026-08-26T13:58:28Z,comment,,,DuckDB is still OSS btw. It didn't go proprietary like Redis or ElasticSearch.,78,1
49552932,2026-09-03T16:43:23Z,comment,,,Embedded databases like DuckDB are just as suited for dbt work.,63,1
46885714,2026-02-04T13:43:57Z,comment,,,Thanks for providing this from PG perspective. Also wonder if storage engine such as OrioleDB would be better suited for FDWs to handle consistency between copies of the same data between DuckDB?,195,1
46649844,2026-01-16T18:19:56Z,comment,,,"It's worth noting that R has a great duckdb API as well. Saved me a lot of time when dealing with a 29GB CSV file and splitting it into separate parquet files on a low RAM ONS server a few months back. <a href=""https://r.duckdb.org/"" rel=""nofo",274,1
49448754,2026-08-26T13:24:46Z,comment,,,"m pleasantly surprised. I think AWS has been a bad player in the data space and very much behind all the other warehouse providers for many years now. This could lead into interesting integrations of DuckDB on top of all the data that lives in S3 and provide a leaner, faster and a more modern alternative to Athena.",348,1
45679723,2025-10-23T08:54:43Z,story,Rusty-Sheet: An Excel/WPS/OpenDocument Spreadsheets File Reader for DuckDB,https://github.com/redraiment/rusty-sheet,,0,1
45737213,2025-10-28T18:55:38Z,comment,,,"Tendency of Linux users to have local resources that lack TLS? phpmyadmin, netdata, duckdb ui, git-webui, whatever.",115,0
47968129,2026-04-30T20:56:58Z,comment,,,"Anyone tried both duckdb and clickhouse local? Clickhouse seems less marketed, but seems quite similar.",103,1
46055262,2025-11-26T08:13:33Z,story,"Branch, Test, Deploy: A Git-Inspired Approach for Data",https://motherduck.com/blog/git-for-data-part-1/,,0,1
49354402,2026-08-18T23:30:38Z,comment,,,"SQL is a terrible api for data transformation. <a href=""https://duckdb.org/docs/lts/sql/statements/pivot#limitations"" rel=""nofollow"">https://duckdb.org/docs/lts/sql/statements/pivot#limitations</a> vs <a href=""https://docs.pola.rs/api/python/stable/reference/dataframe/a",384,1
45822676,2025-11-05T13:36:31Z,comment,,,"I guess my confusion is that there already are ways to query this data with DuckDB or something like that. So is the magic here that it’s Postgres? What makes being able to query something in Postgres special? And when we say it’s now queryable by Postgres, does this mean that it t",399,1
45633623,2025-10-19T12:07:40Z,comment,,,"Really excited about the future of DuckDB: 1. DuckLake is the best datalake spec and their team is improving on the extension rapidly. 2. With DuckDB WASM, you can make apps that would normally have 2 to 3 second latency for network calls wo",529,1
46604166,2026-01-13T17:19:04Z,story,Show HN: Fabi 2.0 – An AI analyst that connects to all your data sources,,"s. A bit about what’s going on under the hood: - We use Fivetran to connects to data sources (we tested at a number of different ETL solutions and Fivetran really stood out) - We pipe the data into a MotherDuck instance for each customer - We index data and metadata and store in our vector DB to get it ready for the AI. A lot of connectors just work without any further modeling, but some do require a bit of",1729,1
47626163,2026-04-03T12:57:14Z,comment,,,CapRover for self hosted PaaS Dozzle for self hosted logs DuckDB was a life savior for some data analysis I needed to do Rollbar for app error alerting - v generous free tier,174,0
47869108,2026-04-22T20:47:34Z,comment,,,"Along with parsing various file formats, you can create duckdb files to store tables, and make related views, schema, etc. They also have a newer ducklake tool",159,1
49448759,2026-08-26T13:25:13Z,comment,,,"What's the relationship between MotherDuck (<a href=""https://motherduck.com"" rel=""nofollow"">https://motherduck.com</a>) and DuckLabs?",133,1
45775880,2025-10-31T19:39:52Z,comment,,,"mpatible with no egress fees. Cloudflare actually has built in iceberg support for R2 buckets. It's quite nice. Combine that with their pipelines it's a simple http request to ingest, then just point duckdb to the iceberg enabled R2 bucket to analyze.",262,1
45836837,2025-11-06T16:18:47Z,comment,,,"Even in this thread people underestimate how good e.g. DuckDB can be if you swallow its quirks. Yeah SQL has many problems, but with a slightly extended language with QoL features and seamless parallelism DuckDB is extremely productive if you want to crunch bun",568,1
47762217,2026-04-14T07:03:52Z,comment,,,"I have a deep appreciation for DuckDB, but I am afraid the confluence of brilliant ideas makes it ever more complicated to adopt —- and DuckLake is another example for this trend. When I look at SQLite I see a clear message: a database i",558,1
49333698,2026-08-17T16:29:28Z,comment,,,I don't think DuckDB itself can coordinate work across multiple nodes. But you could put it behind an HTTP layer and scale horizontally based on resource utilization?,166,1
47765738,2026-04-14T13:57:25Z,comment,,,"Yes, this is actually one of the core problems OpenDuck's architecture addresses. The short version: OpenDuck interposes a differential storage layer between DuckDB and the underlying file. DuckDB still sees a normal file (via FUSE on Linux or an in-process FileSystem on any platform), but underneath, writes go to append-only layers and reads are resolved by ove",1635,1
45851647,2025-11-07T21:58:56Z,comment,,,"t workflow so funds go from lead → memo fast. Series A (Oct ’25), $12M raised; team of 7, fully in-office (Midtown Manhattan). Stack: TypeScript/Node, React/Next.js, Redis, Temporal, Python, Dagster, DuckDB, modern cloud. Benefits: Health/dental/vision, 401k (3% automatic), paid lunches, wellness + Citi Bike. Apply: <a href=""https://jobs.gem.com/raylu-ai"" rel=""nofollow"">https://jobs.gem.com/raylu-ai</a>",809,0
48013600,2026-05-04T19:17:45Z,comment,,,"Remote | Berlin until end of May, then Atlantic Canada (UTC-3) Location: Berlin (DE) → Atlantic Canada in June Remote: Yes (remote only) Willing to relocate: No Technologies: Python, PyTorch, mlx-lm, DuckDB, FastAPI, Rust, SQL, Spark, Databricks, Prefect, Terraform/Pulumi, Azure, GCP Résumé/CV: <a href=""http://linkedin.com/in/tomislav-grbe%C5%A1i%C4%87-388442328/"" rel=""nofollow"">http://linkedin.com/in/t",912,0
47427811,2026-03-18T16:29:46Z,comment,,,Ive used it but definitely ran into issues where Ibis couldnt handle a transformation and had to move back into Polars or DuckDB to do. I just eventually stripped it out.,170,1
49401702,2026-08-22T17:19:02Z,comment,,,I have and the suggestion was received positively. Thanks for the suggestion to do that. DuckDB rocks!,102,0
48992560,2026-07-21T14:07:25Z,story,Show HN: Explore Trends in HN posts. ETL using Embeddings/KMeans/DuckDB,https://github.com/el10savio/hnTrends,,0,1
48505848,2026-06-12T16:03:39Z,comment,,,"<a href=""https://duckdb.org/docs/lts/sql/dialect/friendly_sql"" rel=""nofollow"">https://duckdb.org/docs/lts/sql/dialect/friendly_sql</a>",134,1
49458216,2026-08-27T01:18:07Z,comment,,,Isn't it a name clashing with DuckLabs who made DuckDB?,55,1
47130026,2026-02-23T22:39:38Z,story,Show HN: The fastest OLAP engine for React Native,https://github.com/pranshuchittora/react-native-duckdb,,0,1
